{"loss": 3.596141815185547, "step": 900, "_timestamp": 1674017652.862837, "_runtime": 61.39915108680725, "_step": 9, "_wandb": {"runtime": 63}}