{"loss": 3.5907959938049316, "step": 900, "_timestamp": 1674017908.165667, "_runtime": 82.88525414466858, "_step": 9, "_wandb": {"runtime": 87}}