{"loss": 3.6004176139831543, "step": 900, "_timestamp": 1674018903.7171881, "_runtime": 241.39019012451172, "_step": 9}