{"loss": 3.621238946914673, "step": 0, "_timestamp": 1674017796.723519, "_runtime": 31.228058099746704, "_step": 0, "_wandb": {"runtime": 53}}