{"loss": 3.5964529514312744, "step": 0, "_timestamp": 1674017551.1811788, "_runtime": 9.183705806732178, "_step": 0, "_wandb": {"runtime": 37}}