{"loss": 3.6330461502075195, "step": 0, "_timestamp": 1674017505.3830268, "_runtime": 10.084483861923218, "_step": 0, "_wandb": {"runtime": 9}}